{
  "version": "find_drum_hits_v01",
  "source": "breaks/Atlantis Amen.wav",
  "slice_count": 10,
  "counts": {
    "kick": 2,
    "snare": 2,
    "hat": 5,
    "other": 1
  },
  "exports": [
    {
      "index": 0,
      "label": "other",
      "wav": "exports/find_drum_hits_v01/Atlantis_Amen/other/other_000_k2.20_s3.99_h3.61_23ms.wav",
      "start_ms": 23.219954648526077,
      "end_ms": 185.75963718820861,
      "duration": 0.16253968253968254,
      "scores": {
        "kick": 2.1999600872397425,
        "snare": 3.9851659372448927,
        "hat": 3.6119656839650154
      },
      "features": {
        "rms": 0.13885965943336487,
        "peak": 0.753941535949707,
        "centroid": 4252.043145029833,
        "zcr": 0.1248046875,
        "low": 0.08692710846662521,
        "lowmid": 0.1691293567419052,
        "mid": 0.1113283634185791,
        "high": 0.615580677986145,
        "duration": 0.16253968253968254
      }
    },
    {
      "index": 1,
      "label": "kick",
      "wav": "exports/find_drum_hits_v01/Atlantis_Amen/kick/kick_001_k2.44_s4.32_h3.82_185ms.wav",
      "start_ms": 185.75963718820861,
      "end_ms": 394.7392290249433,
      "duration": 0.2089795918367347,
      "scores": {
        "kick": 2.4383133160440544,
        "snare": 4.316341312229634,
        "hat": 3.8180493246716347
      },
      "features": {
        "rms": 0.14132274687290192,
        "peak": 0.9265909194946289,
        "centroid": 4569.533402755791,
        "zcr": 0.16079872532894737,
        "low": 0.07229126989841461,
        "lowmid": 0.165472611784935,
        "mid": 0.10879894345998764,
        "high": 0.6316699385643005,
        "duration": 0.2089795918367347
      }
    },
    {
      "index": 2,
      "label": "snare",
      "wav": "exports/find_drum_hits_v01/Atlantis_Amen/snare/snare_002_k2.34_s4.91_h4.23_394ms.wav",
      "start_ms": 394.7392290249433,
      "end_ms": 580.4988662131519,
      "duration": 0.18575963718820862,
      "scores": {
        "kick": 2.344988574580673,
        "snare": 4.914511490054428,
        "hat": 4.2296069334327715
      },
      "features": {
        "rms": 0.22472026944160461,
        "peak": 0.9214211106300354,
        "centroid": 4727.332263077403,
        "zcr": 0.19272748161764705,
        "low": 0.011413482017815113,
        "lowmid": 0.1037534698843956,
        "mid": 0.21091629564762115,
        "high": 0.6510186195373535,
        "duration": 0.18575963718820862
      }
    },
    {
      "index": 3,
      "label": "hat",
      "wav": "exports/find_drum_hits_v01/Atlantis_Amen/hat/hat_003_k1.37_s4.17_h5.04_580ms.wav",
      "start_ms": 580.4988662131519,
      "end_ms": 638.5487528344671,
      "duration": 0.058049886621315196,
      "scores": {
        "kick": 1.37355397567153,
        "snare": 4.169341646134853,
        "hat": 5.037150616919819
      },
      "features": {
        "rms": 0.11363131552934647,
        "peak": 0.8792789578437805,
        "centroid": 5407.4685033231935,
        "zcr": 0.1865234375,
        "low": 0.010718461126089096,
        "lowmid": 0.035008806735277176,
        "mid": 0.11996740102767944,
        "high": 0.8107008934020996,
        "duration": 0.058049886621315196
      }
    },
    {
      "index": 4,
      "label": "hat",
      "wav": "exports/find_drum_hits_v01/Atlantis_Amen/hat/hat_004_k1.55_s4.17_h4.58_638ms.wav",
      "start_ms": 638.5487528344671,
      "end_ms": 766.2585034013606,
      "duration": 0.12770975056689343,
      "scores": {
        "kick": 1.5492066178470854,
        "snare": 4.169081522896886,
        "hat": 4.577363175754997
      },
      "features": {
        "rms": 0.1492958813905716,
        "peak": 0.7662124037742615,
        "centroid": 5023.542882769957,
        "zcr": 0.19144694010416666,
        "low": 0.019544409587979317,
        "lowmid": 0.09162862598896027,
        "mid": 0.13953350484371185,
        "high": 0.7306241393089294,
        "duration": 0.12770975056689343
      }
    },
    {
      "index": 5,
      "label": "hat",
      "wav": "exports/find_drum_hits_v01/Atlantis_Amen/hat/hat_005_k1.72_s4.44_h5.20_766ms.wav",
      "start_ms": 766.2585034013606,
      "end_ms": 835.9183673469388,
      "duration": 0.06965986394557823,
      "scores": {
        "kick": 1.7216546780296733,
        "snare": 4.443175771459938,
        "hat": 5.196711578804944
      },
      "features": {
        "rms": 0.16357839107513428,
        "peak": 0.9457886815071106,
        "centroid": 5543.748965920938,
        "zcr": 0.19022042410714285,
        "low": 0.007639121264219284,
        "lowmid": 0.030989443883299828,
        "mid": 0.10125955194234848,
        "high": 0.8265135288238525,
        "duration": 0.06965986394557823
      }
    },
    {
      "index": 6,
      "label": "hat",
      "wav": "exports/find_drum_hits_v01/Atlantis_Amen/hat/hat_006_k1.02_s3.80_h4.69_835ms.wav",
      "start_ms": 835.9183673469388,
      "end_ms": 940.408163265306,
      "duration": 0.10448979591836735,
      "scores": {
        "kick": 1.0246251570060854,
        "snare": 3.8014068910852075,
        "hat": 4.694643075776051
      },
      "features": {
        "rms": 0.13620364665985107,
        "peak": 0.5946086049079895,
        "centroid": 5042.263526384117,
        "zcr": 0.187353515625,
        "low": 0.006926462985575199,
        "lowmid": 0.09246673434972763,
        "mid": 0.12789954245090485,
        "high": 0.7525562644004822,
        "duration": 0.10448979591836735
      }
    },
    {
      "index": 7,
      "label": "hat",
      "wav": "exports/find_drum_hits_v01/Atlantis_Amen/hat/hat_007_k2.02_s4.29_h4.49_940ms.wav",
      "start_ms": 940.408163265306,
      "end_ms": 1079.7278911564624,
      "duration": 0.13931972789115646,
      "scores": {
        "kick": 2.0212868494483143,
        "snare": 4.287558327615261,
        "hat": 4.487381009256215
      },
      "features": {
        "rms": 0.13096551597118378,
        "peak": 0.9486640095710754,
        "centroid": 4953.36024475507,
        "zcr": 0.17987530048076922,
        "low": 0.05018026381731033,
        "lowmid": 0.0891493633389473,
        "mid": 0.10046953707933426,
        "high": 0.733323872089386,
        "duration": 0.13931972789115646
      }
    },
    {
      "index": 8,
      "label": "kick",
      "wav": "exports/find_drum_hits_v01/Atlantis_Amen/kick/kick_008_k2.93_s4.25_h2.66_1079ms.wav",
      "start_ms": 1079.7278911564624,
      "end_ms": 1149.3877551020407,
      "duration": 0.06965986394557823,
      "scores": {
        "kick": 2.930370019589151,
        "snare": 4.249883651733398,
        "hat": 2.658547697224542
      },
      "features": {
        "rms": 0.18915575742721558,
        "peak": 0.7334657907485962,
        "centroid": 3390.13607950726,
        "zcr": 0.08489118303571429,
        "low": 0.09563349187374115,
        "lowmid": 0.2906177043914795,
        "mid": 0.134237602353096,
        "high": 0.4675830006599426,
        "duration": 0.06965986394557823
      }
    },
    {
      "index": 9,
      "label": "snare",
      "wav": "exports/find_drum_hits_v01/Atlantis_Amen/snare/snare_009_k2.42_s5.02_h4.19_1149ms.wav",
      "start_ms": 1149.3877551020407,
      "end_ms": 1334.3990929705217,
      "duration": 0.18501133786848073,
      "scores": {
        "kick": 2.421087068319321,
        "snare": 5.0201894313097,
        "hat": 4.190725395890012
      },
      "features": {
        "rms": 0.22916120290756226,
        "peak": 0.9495933651924133,
        "centroid": 4702.57926896358,
        "zcr": 0.18511962890625,
        "low": 0.011468172073364258,
        "lowmid": 0.08917717635631561,
        "mid": 0.23247644305229187,
        "high": 0.6432000994682312,
        "duration": 0.18501133786848073
      }
    }
  ]
}